{
    "tools": [
        "experimentrun.tools.ExceptionToConfigAndCancelToolExecution('result.json')",
        "experimentrun.tools.ResolveLinks()"
        , "experimentrun.tools.RunShell('rm *')"
        , "extractProblems.Extract('${/zipFile}', '${/problem/path}', 'problem.pddl')"
        , "extractProblems.Extract('${/zipFile}', '${/problem/domainDescription}', 'domain.pddl')"
        , {"%link": "/madagascar/encode/run"}
        //, {"%link": "/srt/encode/run"}
        , "experimentrun.tools.RunShell('~/ma/tools/incplan/bin/incplan-glucose4-master --frozen dimspec.cnf > froozenVars')"
        //, {"%link": "/incplan/run"}
        //, "experimentrun.tools.RunShell('grep -E \"^ci\" incplanOutput')"
        //, "experimentrun.tools.RunShell('grep -E \"^[0-9\\-]\" incplanOutput > solution')"
        , {"%link": "/madagascar/verifySolution/run"}
        //, {"%link": "/srt/verify/run"}
        , "experimentrun.tools.WriteConfigToFile('result.json')"
        , "experimentrun.tools.RunShell('echo ${/madagascar/verifySolution/result/returnCode}')"
    ],
    "zipFile": "/home/gocht/ma/benchmarks/pddl/ipc14.zip",
            // "problem": {
            //     "domainDescription": "TESTING/seq-agl/CaveDiving/domain.pddl",
            //     "name": "testing01_easy",
            //     "path": "TESTING/seq-agl/CaveDiving/testing01_easy.pddl",
            //     "domain": "CaveDiving"
            // },
            // "problem": {
            //     "domainDescription": "TESTING/seq-agl/Thoughtful/domain.pddl",
            //     "name": "bootstrap-typed-01",
            //     "path": "TESTING/seq-agl/Thoughtful/bootstrap-typed-01.pddl",
            //     "domain": "Thoughtful"
            // },
            "problem": {
                "domainDescription": "TESTING/seq-agl/Childsnack/domain.pddl",
                "name": "child-snack_pfile05-2",
                "path": "TESTING/seq-agl/Childsnack/child-snack_pfile05.pddl",
                "domain": "Childsnack"
            },
            // "problem": {
            //     "domainDescription": "TESTING/seq-agl/CityCar/domain.pddl",
            //     "name": "p4-5-2-0-2",
            //     "path": "TESTING/seq-agl/CityCar/p4-5-2-0-2.pddl",
            //     "domain": "CityCar"
            // },
            // "problem": {
            //     "domainDescription": "TESTING/seq-agl/Barman/domain.pddl",
            //     "name": "p3-10-4-13",
            //     "path": "TESTING/seq-agl/Barman/p1-11-5-16.pddl",
            //     "domain": "Barman"
            // },
            // "problem": {
            //     "domainDescription": "TESTING/seq-agl/Hiking/domain.pddl",
            //     "name": "testing-5-6-3",
            //     "path": "TESTING/seq-agl/Hiking/testing-5-6-5.pddl",
            //     "domain": "Hiking"
            // },
    // "%limits": {
    //     // limit to processor time in seconds [softlimit,hardlimit]
    //     "RLIMIT_CPU":[10,30],
    //     // Memory limit in byte
    //     "RLIMIT_AS":[8589934592,8589934592]
    // },
    "config":{
        "encoding": {
            "parameter": "shortest"
        }
    },
    "incplan":{
        "config":{
            "solver":"glucose4-disableFeatures"
        },
        "bin":"~/ma/tools/incplan/bin/incplan-${/incplan/config/solver}",
        "run":{
            "name":"experimentrun.tools.RunShell",
            "parameters": {
                "requireNormalExit": true,
                "command":"${/incplan/bin} --useConfig > incplanOutput",
                "runInfoTo":"/incplan/result",
                "externalUsedConfig":"carj.json"
            }
        },
        "parameters": {
            "cleanLitearl": false,
            "exhaustMakeSpan": -1,
            "exponentialStepBasis": 0.0,
            "exponentialStepOffset": 0.0,
            "icaps2017": false,
            "inputFile": "dimspec.cnf",
            "intermediateSolveStep": false,
            "learnMakeSpan": 999999999,
            "linearStepSize": 1,
            "loose": false,
            "maxSizeLearnedClause": 100,
            "nonIncrementalSolving": false,
            "outputSolverLike": true,
            "pathSearchPrefix": [],
            "ratio": 0.5,
            "reEncode": true,
            "seed": -1,
            "singleEnded": true,
            "timeout": 10.0,
            "transformLearned": false,
            "unitInGoal2Assume": true,
            "usePDR": false,
            "removeLearnedClauses": true,
            "removeAllLearnedClauses": false,
            "resetActivity": true,
            "resetPhase": true
        }
    },

    "madagascar": {
        "bin":"~/ma/tools/incplan/bin/MpC",
        "encode":{
            "run":{
                "name":"experimentrun.tools.RunShell",
                "parameters": {
                    //"requireNormalExit": true,
                    "command":"${/madagascar/bin} domain.pddl problem.pddl -b dimspec -L &> out_encoding",
                    "runInfoTo":"/madagascar/encode/result"
                }
            }
        },
        "verifySolution":{
            "run":{
                "name":"experimentrun.tools.RunShell",
                "parameters": {
                    "command":"${/madagascar/bin} domain.pddl problem.pddl -s solution -T ${/incplan/result/finalMakeSpan} &> out_plan",
                    "requireNormalExit": true,
                    "runInfoTo":"/madagascar/verifySolution/result"
                }
            }
        }
    },

    "srt": {
        "outputSolverLike":false,
        "paths": {
            "srt":"~/ma/tools/incplan/bin/srt.jar",
            "fast-downward":"python3 ~/ma/tools/fast-downward/src/translate/translate.py"
        },
        "encode":{
            "run":[
                {
                    "name":"experimentrun.tools.RunShell",
                    "parameters": {
                        "requireNormalExit": true,
                        "command":"${/srt/paths/fast-downward} domain.pddl problem.pddl &> output_fast-downward",
                        "runInfoTo":"/srt/encode/result-fast-downward"
                    }
                },
                {
                    "name":"experimentrun.tools.RunJava",
                    "parameters": {
                        "requireNormalExit": true,
                        "command":"${/srt/paths/srt} ${/config/encoding/parameter} output.sas > dimspec.cnf 2> error_encoding",
                        "runInfoTo":"/srt/encode/result"
                    }
                }
            ]
        },
        "verify":{
            "run":[
                "experimentrun.tools.RunShell('grep -E \"^[^c]\" incplanOutput > solution')",
                {
                    "name":"experimentrun.tools.RunJava",
                    "parameters": {
                        "requireNormalExit": true,
                        "command":"${/srt/paths/srt} check ${/config/encoding/parameter} output.sas solution &> out_plan",
                        "runInfoTo":"/srt/verify/result"
                    }
                },
                "helper.CheckSrtOutput()"
            ]
        }
    }
}
